Image,NumberPlate
Cars0.png,KL01CA2555
Cars1.png,PGMN112
Cars10.png,TN37CS2765
Cars100.png,WW95550
Cars101.png,HR26BC5514
Cars102.png,6861136
Cars104.png,NL60LXB
Cars105.png,JPK6546
Cars107.png,MH20BQ20
Cars108.png,MH01AV8866
Cars109.png,CZ17KOD
Cars11.png,WOR516K
Cars110.png,FI
Cars111.png,MH20EE7598
Cars112.png,SHAKNBK
Cars113.png,MPEACHW
Cars114.png,AP29BP585
Cars115.png,M666YOB
Cars116.png,MK3532
Cars117.png,KA24MG3921
Cars118.png,JA62UAR
Cars12.png,MH12BG7237
Cars120.png,B2228HM
Cars122.png,MANISA
Cars123.png,HR26BC5514
Cars125.png,RP66887
Cars126.png,KA05MG1909
Cars128.png,OX65AWD
Cars129.png,OPECLOL
Cars13.png,BJR216
Cars130.png,HR26BR9044
Cars131.png,AP29BP585
Cars133.png,1268
Cars134.png,LI9TLC
Cars135.png,FV1232
Cars136.png,UI5474
Cars138.png,TN02BL9
Cars139.png,LCDWJJ
Cars14.png,ALR486
Cars140.png,CH01AN0001
Cars141.png,HR26CE0464
Cars142.png,FI
Cars144.png,PEN15
Cars145.png,CH01AN0001
Cars146.png,
Cars147.png,
Cars148.png,MH01BB550
Cars149.png,7VIG263
Cars15.png,TN21BY0166
Cars150.png,DL8CX4850
Cars151.png,DL3C8D5092
Cars152.png,DL49AK49
Cars153.png,MH20BQ20
Cars154.png,KA09MA2662
Cars155.png,MCB025
Cars156.png,PRIVATE
Cars157.png,PTB557K
Cars158.png,695299
Cars159.png,DL7CN5617
Cars160.png,
Cars161.png,M666YOB
Cars162.png,MH07BB5992
Cars163.png,LR33TEE
Cars164.png,
Cars165.png,TN21AU1153
Cars166.png,
Cars167.png,15LK10898
Cars168.png,UP96AN2222
Cars169.png,
Cars17.png,YSX213
Cars170.png,983
Cars171.png,BJR216
Cars172.png,UK17C09
Cars173.png,WMY9051
Cars174.png,
Cars175.png,DL1N4268
Cars176.png,EV09FTW
Cars177.png,
Cars178.png,52292Z
Cars179.png,4SZW590
Cars18.png,M666YOB
Cars180.png,MPEACHW
Cars181.png,JHIIHAD
Cars182.png,V12LAF
Cars183.png,BRIT0001
Cars184.png,
Cars185.png,
Cars186.png,26SPF4
Cars187.png,ALR486
Cars188.png,
Cars189.png,
Cars19.png,AFR2011
Cars190.png,KL54A2670
Cars191.png,KA03AB3380
Cars192.png,E4GLE
Cars193.png,889VSM
Cars194.png,TN21BZ0768
Cars195.png,
Cars196.png,
Cars197.png,
Cars198.png,MH01AV8866
Cars199.png,MH01AE8017
Cars2.png,PRENUP
Cars200.png,KA03AB3380
Cars201.png,
Cars202.png,
Cars203.png,CZI7KOD
Cars204.png,
Cars205.png,
Cars206.png,HR26BU0380
Cars207.png,K817GR
Cars208.png,V8
Cars209.png,RK08BBG
Cars21.png,
Cars210.png,MH01AE8017
Cars211.png,F65022
Cars212.png,KL65H4383
Cars213.png,DID2
Cars214.png,
Cars215.png,
Cars216.png,OPECLOL
Cars217.png,AFR2011
Cars218.png,
Cars219.png,KA03MG2784
Cars22.png,
Cars220.png,P055585
Cars221.png,
Cars222.png,26SPF4
Cars223.png,
Cars224.png,
Cars225.png,
Cars226.png,TN19S4523
Cars227.png,MCB025
Cars228.png,
Cars229.png,
Cars23.png,
Cars230.png,
Cars231.png,GBI8TCE
Cars232.png,D13
Cars233.png,UP16TC1366
Cars234.png,IM4U555
Cars235.png,GJ03JL0126
Cars236.png,
Cars237.png,
Cars238.png,AD00008
Cars239.png,15LK10898
Cars24.png,
Cars240.png,1CDAF
Cars241.png,3SAM123
Cars242.png,PRENUP
Cars243.png,KA03MG2784
Cars244.png,2180127
Cars245.png,HR26BR9044
Cars246.png,TS009TC268
Cars247.png,TN37CS2765
Cars248.png,MH12DE1433
Cars249.png,
Cars25.png,
Cars250.png,PGMN112
Cars251.png,H982FKL
Cars252.png,DAN54P
Cars253.png,
Cars254.png,GOT2POO
Cars255.png,MH20EJ0364
Cars256.png,YD63LB
Cars257.png,OKLA
Cars258.png,KA01AC5957
Cars259.png,MH20EE7598
Cars26.png,
Cars260.png,IM4U5333
Cars261.png,TS08ER1643
Cars262.png,1CYAH8N
Cars263.png,MH02CB4545
Cars264.png,FAMU2010
Cars265.png,M771276
Cars266.png,
Cars267.png,
Cars268.png,
Cars269.png,
Cars27.png,
Cars270.png,P018299
Cars271.png,
Cars272.png,RX6IGDU
Cars273.png,BRIT0001
Cars274.png,
Cars275.png,
Cars276.png,
Cars277.png,
Cars278.png,
Cars279.png,a
Cars28.png,
Cars280.png,
Cars281.png,
Cars282.png,
Cars283.png,
Cars284.png,
Cars285.png,
Cars286.png,a
Cars287.png,
Cars288.png,
Cars289.png,
Cars29.png,
Cars290.png,
Cars291.png,
Cars292.png,
Cars293.png,
Cars294.png,
Cars295.png,
Cars296.png,
Cars297.png,
Cars298.png,
Cars299.png,
Cars3.png,
Cars30.png,
Cars300.png,
Cars301.png,
Cars302.png,
Cars303.png,
Cars304.png,
Cars305.png,
Cars306.png,
Cars307.png,
Cars308.png,
Cars309.png,
Cars31.png,
Cars310.png,
Cars311.png,
Cars312.png,
Cars313.png,
Cars314.png,
Cars315.png,
Cars316.png,
Cars317.png,
Cars318.png,
Cars319.png,
Cars32.png,
Cars320.png,
Cars321.png,
Cars322.png,
Cars323.png,
Cars324.png,
Cars325.png,
Cars326.png,
Cars327.png,
Cars328.png,
Cars329.png,
Cars33.png,
Cars330.png,
Cars331.png,
Cars332.png,
Cars333.png,
Cars334.png,
Cars335.png,
Cars336.png,
Cars337.png,
Cars338.png,
Cars339.png,
Cars34.png,
Cars340.png,
Cars341.png,
Cars342.png,
Cars343.png,
Cars344.png,
Cars345.png,
Cars346.png,
Cars347.png,
Cars348.png,
Cars349.png,
Cars35.png,
Cars350.png,
Cars351.png,
Cars352.png,
Cars353.png,
Cars354.png,
Cars355.png,
Cars356.png,
Cars357.png,
Cars358.png,
Cars359.png,
Cars36.png,a
Cars360.png,
Cars361.png,
Cars362.png,
Cars363.png,
Cars364.png,
Cars365.png,
Cars366.png,
Cars367.png,
Cars368.png,
Cars369.png,
Cars37.png,
Cars370.png,
Cars371.png,
Cars372.png,
Cars373.png,
Cars374.png,
Cars375.png,
Cars376.png,
Cars377.png,
Cars378.png,
Cars379.png,
Cars38.png,
Cars380.png,
Cars381.png,
Cars382.png,
Cars383.png,
Cars384.png,
Cars385.png,
Cars386.png,
Cars387.png,
Cars388.png,
Cars389.png,
Cars39.png,
Cars390.png,
Cars391.png,
Cars392.png,
Cars393.png,
Cars394.png,
Cars395.png,
Cars396.png,
Cars397.png,
Cars398.png,a
Cars399.png,
Cars4.png,
Cars40.png,
Cars400.png,
Cars401.png,
Cars402.png,
Cars403.png,
Cars404.png,
Cars405.png,
Cars406.png,
Cars407.png,
Cars408.png,
Cars409.png,
Cars41.png,
Cars410.png,
Cars411.png,
Cars412.png,
Cars413.png,
Cars414.png,
Cars415.png,_
Cars416.png,a
Cars417.png,
Cars418.png,
Cars419.png,
Cars42.png,
Cars420.png,
Cars421.png,
Cars422.png,
Cars423.png,
Cars424.png,
Cars425.png,
Cars426.png,
Cars427.png,
Cars428.png,
Cars429.png,
Cars43.png,
Cars430.png,
Cars431.png,
Cars432.png,
Cars44.png,
Cars45.png,
Cars46.png,
Cars47.png,
Cars48.png,
Cars49.png,
Cars5.png,
Cars50.png,
Cars51.png,
Cars52.png,
Cars53.png,
Cars54.png,
Cars55.png,
Cars56.png,
Cars57.png,
Cars58.png,
Cars59.png,
Cars6.png,
Cars60.png,
Cars61.png,a
Cars62.png,
Cars63.png,
Cars64.png,
Cars65.png,
Cars66.png,
Cars67.png,
Cars68.png,
Cars69.png,
Cars7.png,
Cars70.png,
Cars71.png,
Cars72.png,
Cars73.png,
Cars74.png,
Cars75.png,
Cars76.png,
Cars77.png,
Cars78.png,
Cars79.png,
Cars8.png,
Cars80.png,
Cars81.png,
Cars82.png,
Cars83.png,
Cars84.png,
Cars85.png,
Cars86.png,
Cars87.png,
Cars88.png,
Cars89.png,
Cars9.png,
Cars90.png,
Cars91.png,
Cars92.png,
Cars93.png,
Cars94.png,
Cars95.png,
Cars96.png,
Cars97.png,
Cars98.png,
Cars99.png,
